{"auc": 0.946239063537251,
 "precision": 0.24735449735449735,
 "recall": 0.7601626016260162,
 "f1": 0.37325349301397204,
 "threshold": 3.762897491455078,
 "quantile":"98%",
 "tp": 374,
 "fp": 1138,
 "fn": 118,
 "tn": 55725
}